SampleID,Location,Site,Status,Position,Replicate,SoilType,USS.depth.cm,d15N,d13C_not_acidified,wt %TN,wt %TC,"acidified d13C (permil, vs VPDB)",acidified wt %N,acidified wt %C
Sample 1,Benthic diatoms,Benthic diatoms,Benthic diatoms,Benthic diatoms,Benthic diatoms,Benthic diatoms,NA,3.104925855,-17.16921416,0.36,4.32,NA,NA,NA
Sample 2,Benthic diatoms,Benthic diatoms,Benthic diatoms,Benthic diatoms,Benthic diatoms,Benthic diatoms,NA,2.467865637,-19.71737753,0.76,9.1,NA,NA,NA
Sample 3,Benthic diatoms,Benthic diatoms,Benthic diatoms,Benthic diatoms,Benthic diatoms,Benthic diatoms,NA,3.439104829,-19.21975297,0.38,4.48,NA,NA,NA
Sample 4,Benthic diatoms,Benthic diatoms,Benthic diatoms,Benthic diatoms,Benthic diatoms,Benthic diatoms,NA,2.722285882,-19.55252031,0.72,8.47,NA,NA,NA
Sample 5,Benthic diatoms,Benthic diatoms,Benthic diatoms,Benthic diatoms,Benthic diatoms,Benthic diatoms,NA,3.026176732,-19.98908664,NA,NA,NA,NA,NA
Sample 6,Benthic diatoms,Benthic diatoms,Benthic diatoms,Benthic diatoms,Benthic diatoms,Benthic diatoms,NA,2.780842923,-19.86086436,0.55,6.08,NA,NA,NA
Sample 7,Benthic diatoms,Benthic diatoms,Benthic diatoms,Benthic diatoms,Benthic diatoms,Benthic diatoms,NA,2.448683158,-19.88325238,NA,NA,NA,NA,NA
Sample 8,Benthic diatoms,Benthic diatoms,Benthic diatoms,Benthic diatoms,Benthic diatoms,Benthic diatoms,NA,2.684930529,-20.03589795,NA,NA,NA,NA,NA
Sample 9,Benthic diatoms,Benthic diatoms,Benthic diatoms,Benthic diatoms,Benthic diatoms,Benthic diatoms,NA,1.669268754,-19.94634588,NA,NA,NA,NA,NA
Sample 10,Benthic diatoms,Benthic diatoms,Benthic diatoms,Benthic diatoms,Benthic diatoms,Benthic diatoms,NA,2.981754149,-20.17531423,0.21,2.53,NA,NA,NA
BR-G-CH-1-O,BR,BR,Grazed,5,1,No Horizon,0,2.74,-16.5,0.49,8.54,-16.8,0.46,8.63
BR-G-CH-2-O,BR,BR,Grazed,5,2,No Horizon,0,3.114038809,-16.95268274,0.49,8.17,-17.05283106,0.48,8.16
BR-G-CH-3-O,BR,BR,Grazed,5,3,No Horizon,0,2.94,-16.65,0.5,9.18,-16.68780756,0.58,9.64
BR-G-HF-1-O,BR,BR,Grazed,3,1,No Horizon,0,3.62,-18.12,0.39,5.06,-18.43,0.36,4.61
BR-G-HF-2-O,BR,BR,Grazed,3,2,No Horizon,0,3.78,-17.43,0.46,6.58,-17.95,0.41,6.14
BR-G-HF-3-O,BR,BR,Grazed,3,3,No Horizon,0,3.46,-17.92,0.28,4.17,-17.74989084,0.27,4.29
BR-G-HP-1-M,BR,BR,Grazed,7,1,Upper Horizon,1.9,3.94,-19.75,0.4,5.13,-18.93,0.39,4.93
BR-G-HP-1-P,BR,BR,Grazed,7,1,Lower Horizon,NA,2.38,-17.11,0.45,7.8,-17.16,0.45,8.53
BR-G-HP-2-M,BR,BR,Grazed,7,2,Upper Horizon,2,4.22,-19.02,0.41,5,-19.03,0.39,4.89
BR-G-HP-2-P,BR,BR,Grazed,7,2,Lower Horizon,NA,3.17,-17.67,0.44,6.85,-17.88,0.4,6.59
BR-G-HP-3-M,BR,BR,Grazed,7,3,Upper Horizon,1.9,4.15,-18.85,0.41,4.9,-19.27,0.4,4.85
BR-G-HP-3-P,BR,BR,Grazed,7,3,Lower Horizon,NA,3.25,-17.82,0.42,6.77,-18.22,0.39,6.03
BR-G-LP-1-M,BR,BR,Grazed,6,1,Upper Horizon,2.5,4.35,-19.38,0.41,4.76,-19.4011452,0.4,4.8
BR-G-LP-1-P,BR,BR,Grazed,6,1,Lower Horizon,NA,3.02,-17.18,0.4,7.59,-17.24,0.45,7.65
BR-G-LP-2-M,BR,BR,Grazed,6,2,Upper Horizon,1.7,4.66,-19.24,0.39,4.51,-19.25264906,0.39,4.37
BR-G-LP-2-P,BR,BR,Grazed,6,2,Lower Horizon,NA,3.734865157,-18.09690702,0.42,5.92,-17.91859951,0.41,6.37
BR-G-LP-3-M,BR,BR,Grazed,6,3,Upper Horizon,0.5,4.45,-18.75,0.42,5.26,-19.09910203,0.44,5.42
BR-G-LP-3-P,BR,BR,Grazed,6,3,Lower Horizon,NA,3.32,NA,0.44,7.59,-17.17304862,0.41,7.38
BR-G-MC-1-O,BR,BR,Grazed,1,1,No Horizon,0,4.51,-19.39,0.42,4.49,-19.3051783,0.42,4.57
BR-G-MC-2-O,BR,BR,Grazed,1,2,No Horizon,0,4.62,-19.19,0.46,5.13,-19.04051172,0.48,5.42
BR-G-MC-3-O,BR,BR,Grazed,1,3,No Horizon,0,4.81,-19.36,0.45,4.7,-19.74,0.44,4.4
BR-G-MF-1-O,BR,BR,Grazed,2,1,No Horizon,0,4.1,-18.81,0.35,4.34,-18.64,0.36,4.23
BR-G-MF-2-O,BR,BR,Grazed,2,2,No Horizon,0,4.26,-19.48,0.41,4.33,-19.59206881,0.4,4.19
BR-G-MF-3-O,BR,BR,Grazed,2,3,No Horizon,0,4.33,-19.1,0.33,3.76,-19.14,0.35,3.76
BR-G-MUD-1-P,BR,BR,Grazed,4,1,Lower Horizon,NA,3.41,-16.78,0.47,7.97,-16.66,0.5,8.56
BR-G-MUD-2-P,BR,BR,Grazed,4,2,Lower Horizon,NA,2.89,-16.59,0.52,9.36,-16.67,0.5,9.19
BR-G-MUD-3-P,BR,BR,Grazed,4,3,Lower Horizon,NA,3.1,-17.84,0.32,4.91,-17.81,0.35,5.62
BR-H-CH-1-O,BR,BR,Un-grazed,5,1,No Horizon,0,3.59,-16.99,0.4,6.74,-17.32,0.38,6.09
BR-H-CH-2-O,BR,BR,Un-grazed,5,2,No Horizon,0,4.363765148,-18.29,0.42,5.99,-18.27046701,0.42,5.73
BR-H-CH-3-O,BR,BR,Un-grazed,5,3,No Horizon,0,4.741152507,-19.1390186,0.41,4.88,-19.12,0.41,4.7
BR-H-HF-2-O,BR,BR,Un-grazed,3,2,No Horizon,0,4.78752514,-19.44594378,0.44,4.75,-19.62,0.43,4.78
BR-H-HF-3-O,BR,BR,Un-grazed,3,3,No Horizon,0,4.581941561,-18.77434093,0.47,5.32,-19.18,0.46,4.82
BR-H-HP-1-M,BR,BR,Un-grazed,7,1,Upper Horizon,1.2,3.585327645,-19.16,0.24,2.87,-18.64,0.21,2.42
BR-H-HP-1-P,BR,BR,Un-grazed,7,1,Lower Horizon,NA,2.13514939,-18.73577894,0.12,2.07,-18.63070485,0.09,1.89
BR-H-HP-2-M,BR,BR,Un-grazed,7,2,Upper Horizon,1.7,2.671421796,-18.39,0.13,2.09,-18.63,0.15,2.29
BR-H-HP-2-P,BR,BR,Un-grazed,7,2,Lower Horizon,NA,3.402344283,-25.19,0.24,2.99,-19.44,0.25,2.7
BR-H-HP-3-M,BR,BR,Un-grazed,7,3,Upper Horizon,3.4,3.956126911,-19.41331493,0.31,3.82,-19.61,0.32,3.96
BR-H-HP-3-P,BR,BR,Un-grazed,7,3,Lower Horizon,NA,2.571900259,-18.41932501,0.13,2.33,-18.57,0.08,1.71
BR-H-LP-1-M,BR,BR,Un-grazed,6,1,Upper Horizon,2.5,1.747581086,-17.41619597,0.2,3.63,-17.54,0.21,3.51
BR-H-LP-1-P,BR,BR,Un-grazed,6,1,Lower Horizon,NA,4.1,-19.33,0.36,4.21,-19.57424893,0.36,4.11
BR-H-LP-2-M,BR,BR,Un-grazed,6,2,Upper Horizon,2.6,2.89,-18.91,0.26,3.34,-18.9640183,0.26,3.32
BR-H-LP-2-P,BR,BR,Un-grazed,6,2,Lower Horizon,NA,2.45,-17.63,0.23,3.84,-17.76796628,0.22,3.67
BR-H-LP-3-M,BR,BR,Un-grazed,6,3,Upper Horizon,1.8,4.03,-19.35,0.32,3.65,-19.33829309,0.32,3.68
BR-H-LP-3-P,BR,BR,Un-grazed,6,3,Lower Horizon,NA,4.346263998,-19.40012935,0.39,4.23,-19.74,0.37,4.33
BR-H-MC-1-O,BR,BR,Un-grazed,1,1,No Horizon,0,4.64,-19.73,0.41,4.27,-19.82037528,0.42,4.41
BR-H-MC-2-O,BR,BR,Un-grazed,1,2,No Horizon,0,5.13,-19.44,0.46,4.66,-19.74115539,0.42,4.49
BR-H-MC-3-O,BR,BR,Un-grazed,1,3,No Horizon,0,4.73,-18.5,0.47,5.69,-18.28324457,0.44,5.58
BR-H-MF-1-O,BR,BR,Un-grazed,2,1,No Horizon,0,4.93,-19.16,0.48,4.92,-19.07,0.45,4.87
BR-H-MF-2-M,BR,BR,Un-grazed,2,2,Upper Horizon,6,4.59,-18.75,0.49,5.39,-18.8165459,0.47,5.15
BR-H-MF-2-P,BR,BR,Un-grazed,2,2,Lower Horizon,NA,4.47,-18.27,0.43,5.96,-18.30293513,0.42,5.89
BR-H-MF-3-M,BR,BR,Un-grazed,2,3,Upper Horizon,5.5,4.72,-18.98,0.48,5.23,-18.81019117,0.47,5.07
BR-H-MF-3-P,BR,BR,Un-grazed,2,3,Lower Horizon,NA,4.05,-17.26,0.45,7.54,-17.45776571,0.46,7.49
BR-H-MUD-1-M,BR,BR,Un-grazed,4,1,Upper Horizon,2,3.94,-18.92,0.37,4.3,-18.35683883,0.39,4.79
BR-H-MUD-1-P,BR,BR,Un-grazed,4,1,Lower Horizon,NA,3.64,-17.69,0.34,5.07,-17.90730227,0.37,5.59
BR-H-MUD-2-M,BR,BR,Un-grazed,4,2,Upper Horizon,1.4,4.49,-18.64,0.41,4.89,-18.80129014,0.38,4.73
BR-H-MUD-2-P,BR,BR,Un-grazed,4,2,Lower Horizon,NA,4.12,-17.7,0.36,5.33,-17.7923755,0.36,5.16
Fore-gut-LG,LG,Gut,Gut,Fore-gut,Gut,Gut,NA,6.1,-15.42,3.91,35.69,-15.16,4.83,34.4
Fore-gut-LG,LG,Gut,Gut,Fore-gut,Gut,Gut,NA,6.16,-15.59,4.26,35.71,-15.28,5.01,34.05
Hind-gut-LG,LG,Gut,Gut,Hind-gut,Gut,Gut,NA,5.35,-15.01,0.76,20.72,-15.16,1.08,17.03
Hind-gut-LG,LG,Gut,Gut,Hind-gut,Gut,Gut,NA,5.23,-14.95,0.76,21.67,-15.28,0.99,16.11
Fore-gut-LM,LM,Gut,Gut,Fore-gut,Gut,Gut,NA,6.78,-15.66,4.97,36.42,-15.24,5.99,36.67
Fore-gut-LM,LM,Gut,Gut,Fore-gut,Gut,Gut,NA,6.66,-15.77,5.43,36.11,-15.38,6.33,36.58
Hind-gut-LM,LM,Gut,Gut,Hind-gut,Gut,Gut,NA,5.51,-15.22,0.79,20.93,-14.85,1.05,21.08
Hind-gut-LM,LM,Gut,Gut,Hind-gut,Gut,Gut,NA,5.4,-15.23,0.79,21.16,-14.74,0.75,21.77
LS-E-G-CH-1-O,LS,East,Grazed,5,1,No Horizon,0,4.21,-17.52,0.38,5.71,-17.24,0.42,6.59
LS-E-G-CH-2-O,LS,East,Grazed,5,2,No Horizon,0,3.23,-16.79,0.35,6.04,-16.84,0.39,6.58
LS-E-G-CH-3-O,LS,East,Grazed,5,3,No Horizon,0,3.13,-16.85,0.38,7.31,-16.9,0.39,7.45
LS-E-G-HF-1-O,LS,East,Grazed,3,1,No Horizon,0,4.45,-17.56,0.26,3.5,-17.41,0.29,4.01
LS-E-G-HF-2-O,LS,East,Grazed,3,2,No Horizon,0,4.35,-18.63,0.38,4.55,-19.07,0.39,4.41
LS-E-G-HF-3-O,LS,East,Grazed,3,3,No Horizon,0,4.3,-18.41,0.39,4.9,-18.77,0.4,4.76
LS-E-G-HP-1-A-M,LS,East,Grazed,7,1,Upper Horizon,NA,4.45,-18.89,0.42,5.38,-18.96,0.42,5.13
LS-E-G-HP-1-B-P,LS,East,Grazed,7,1,Lower Horizon,NA,2.87,-17.1,0.45,8.23,-16.87,0.5,9.23
LS-E-G-HP-2-A-P,LS,East,Grazed,7,2,Lower Horizon,NA,2.814904863,-17.19229181,0.4,7.77,-17.28,0.42,7.38
LS-E-G-HP-2-B-M,LS,East,Grazed,7,2,Upper Horizon,1.4,4.499402788,-18.94864946,0.42,5.44,-18.91,0.47,5.64
LS-E-G-HP-3-A-P,LS,East,Grazed,7,3,Lower Horizon,NA,3.597355163,-17.92791243,0.37,6.01,-17.97,0.4,5.87
LS-E-G-HP-3-B-M,LS,East,Grazed,7,3,Upper Horizon,1.2,4.290614237,-18.68179674,0.41,5.67,-19.16,0.44,5.24
LS-E-G-LP-3-A-P,LS,East,Grazed,6,3,Lower Horizon,NA,2.81,-16.75,0.4,7.62,-16.6,0.42,8.03
LS-E-G-LP-3-B-M,LS,East,Grazed,6,3,Upper Horizon,0.6,4.42,-18.94,0.42,5.22,-18.96,0.4,4.99
LS-E-G-MC-1-O,LS,East,Grazed,1,1,No Horizon,0,4.94,-20.19,0.41,4.21,-20.34162075,0.41,4.07
LS-E-G-MC-2-O,LS,East,Grazed,1,2,No Horizon,0,4.65,-19.64,0.42,4.58,-20.28,0.43,4.48
LS-E-G-MC-3-O,LS,East,Grazed,1,3,No Horizon,0,4.89,-19.57,0.4,4.45,-20.29,0.4,4.29
LS-E-G-MF-1-O,LS,East,Grazed,2,1,No Horizon,0,4.83,-19.95,0.41,4.38,-20.07392363,0.39,4.33
LS-E-G-MF-2-O,LS,East,Grazed,2,2,No Horizon,0,4.67,-20.03,0.39,4.25,-20.16281928,0.39,4.13
LS-E-G-MF-3-O,LS,East,Grazed,2,3,No Horizon,0,4.72,-19.93,0.4,4.31,-20.31434595,0.39,4.13
LS-E-G-MUD-1-O,LS,East,Grazed,4,1,No Horizon,0,3.7,-17.41,0.34,5.1,-17.5,0.35,5
LS-E-G-MUD-2-O,LS,East,Grazed,4,2,No Horizon,0,4.16,-17.42,0.4,5.86,-17.6,0.39,5.69
LS-E-G-MUD-3-O,LS,East,Grazed,4,3,No Horizon,0,4.08,-17.02,0.38,5.9,-16.99,0.38,5.77
LS-E-H-CH-1-M,LS,East,Un-grazed,5,1,Upper Horizon,2.2,3.98,-18.22,0.41,5.39,-18.0917961,0.45,5.54
LS-E-H-CH-1-P,LS,East,Un-grazed,5,1,Lower Horizon,NA,3.014136489,-16.11,0.37,6.77,-16.41,0.4,6.8
LS-E-H-CH-2-M,LS,East,Un-grazed,5,2,Upper Horizon,0.5,4.23,-18.2,0.42,5.38,-18.45,0.43,5.31
LS-E-H-CH-2-P,LS,East,Un-grazed,5,2,Lower Horizon,NA,2.76,-16.05,0.44,8.43,-16.18,0.46,8.56
LS-E-H-CH-3-O,LS,East,Un-grazed,5,3,No Horizon,0,2.837218875,-16.51,0.4,7.61,-16.42,0.44,8.08
LS-E-H-HF-1-O,LS,East,Un-grazed,3,1,No Horizon,0,4.011951835,-17.07,0.45,6.71,-17.00176877,0.43,6.54
LS-E-H-HF-2-O,LS,East,Un-grazed,3,2,No Horizon,0,4.19796807,-18.19,0.42,5.46,-18.42677063,0.43,5.47
LS-E-H-HF-3-O,LS,East,Un-grazed,3,3,No Horizon,0,3.52849613,-17.03991043,0.35,5.62,-17.11,0.4,6.15
LS-E-H-HP-1-A-M,LS,East,Un-grazed,7,1,Upper Horizon,1.5,4.232769573,-18.59682321,0.38,4.78,-18.71,0.4,4.89
LS-E-H-HP-1-B-P,LS,East,Un-grazed,7,1,Lower Horizon,NA,2.463472549,-16.31774632,0.35,6.55,-16.32,0.37,6.83
LS-E-H-HP-2-M,LS,East,Un-grazed,7,2,Upper Horizon,0.5,4.21,-18.68,0.36,4.68,-18.8,0.37,4.53
LS-E-H-HP-2-P,LS,East,Un-grazed,7,2,Lower Horizon,NA,2.534143172,-16.36823163,0.4,6.96,-16.53,0.39,7.01
LS-E-H-HP-3-A-M,LS,East,Un-grazed,7,3,Upper Horizon,0.6,4.149732641,-18.3814606,0.38,5.03,-18.49,0.39,4.83
LS-E-H-HP-3-B-P,LS,East,Un-grazed,7,3,Lower Horizon,NA,2.820986083,-16.37752856,0.39,7.7,-16.42,0.4,7.41
LS-E-H-LP-1-M,LS,East,Un-grazed,6,1,Upper Horizon,1,4.37,-18.78,0.38,4.84,-18.72,0.39,4.82
LS-E-H-LP-1-P,LS,East,Un-grazed,6,1,Lower Horizon,NA,2.206083406,-16.24978987,0.38,7.32,-16.76,0.35,6.08
LS-E-H-LP-2-M,LS,East,Un-grazed,6,2,Upper Horizon,1.6,4.35,-18.88,0.4,4.82,-18.82,0.4,4.8
LS-E-H-LP-2-P,LS,East,Un-grazed,6,2,Lower Horizon,NA,2.633714187,-16.41714531,0.39,7.11,-16.54,0.42,7.11
LS-E-H-LP-3-A-M,LS,East,Un-grazed,6,3,Upper Horizon,0.9,4.150688783,-18.70737923,0.37,4.79,-18.76,0.39,4.81
LS-E-H-LP-3-B-P,LS,East,Un-grazed,6,3,Lower Horizon,NA,1.928427401,-15.96883557,0.42,8.33,-16.08,0.43,9.06
LS-E-H-MC-1-O,LS,East,Un-grazed,1,1,No Horizon,0,4.992630578,-18.93390541,0.43,4.93,-19.72642246,0.45,4.66
LS-E-H-MC-2-O,LS,East,Un-grazed,1,2,No Horizon,0,4.84341761,-19.70471789,0.39,4.36,-19.90320358,0.36,4.18
LS-E-H-MC-3-O,LS,East,Un-grazed,1,3,No Horizon,0,4.893827396,-19.30153929,0.41,4.55,-19.78703313,0.38,4.24
LS-E-H-MF-2-O,LS,East,Un-grazed,2,2,No Horizon,0,4.628986719,-19.26928782,0.42,4.79,-19.27,0.42,4.62
LS-E-H-MF-3-O,LS,East,Un-grazed,2,3,No Horizon,0,4.85,-19.7,0.43,4.73,-19.77664209,0.45,4.69
LS-E-H-MUD-1-O,LS,East,Un-grazed,4,1,No Horizon,0,4.068565472,-17.96,0.42,5.7,-17.9740991,0.41,5.83
LS-E-H-MUD-2-M,LS,East,Un-grazed,4,2,Upper Horizon,0.7,4.46,-18.54,0.41,5.01,-18.65,0.41,4.87
LS-E-H-MUD-2-P,LS,East,Un-grazed,4,2,Lower Horizon,NA,2.445978207,-15.97,0.4,7.81,-16.21517587,0.39,6.95
LS-E-H-MUD-3-M,LS,East,Un-grazed,4,3,Upper Horizon,2.1,3.841619143,-18.37266834,0.38,4.95,-18.42,0.33,3.89
LS-E-H-MUD-3-P,LS,East,Un-grazed,4,3,Lower Horizon,NA,3.216328049,-17.04,0.38,6.35,-17.29813668,0.36,5.97
LS-N-G-CH-1-O,LS,North,Grazed,5,1,No Horizon,0,2.342884722,-16.8674836,0.41,7.98,-17.08,0.45,8.48
LS-N-G-CH-2-O,LS,North,Grazed,5,2,No Horizon,0,2.75,-17.21,0.43,7.65,-17.36,0.43,7.72
LS-N-G-CH-3-O,LS,North,Grazed,5,3,No Horizon,0,3.28,-17.89,0.37,5.84,-17.73,0.4,6.51
LS-N-G-HF-1-O,LS,North,Grazed,3,1,No Horizon,0,4.659925987,-19.45082708,0.41,4.51,-19.85269469,0.42,4.43
LS-N-G-HF-2-O,LS,North,Grazed,3,2,No Horizon,0,4.31,-19.41,0.4,4.73,-19.35850261,0.42,4.71
LS-N-G-HF-3-O,LS,North,Grazed,3,3,No Horizon,0,4.160562631,-19.35,0.4,4.76,-19.51988103,0.41,4.82
LS-N-G-HP-1-A-P,LS,North,Grazed,7,1,Lower Horizon,NA,2.497667889,-18.17548682,0.43,8.08,-18.43280738,0.4,7.67
LS-N-G-HP-1-B-M,LS,North,Grazed,7,1,Upper Horizon,0.5,3.87101006,-19.47525236,0.36,5.29,-19.4288957,0.39,5.3
LS-N-G-HP-2-A-P,LS,North,Grazed,7,2,Lower Horizon,NA,1.870288698,-18.24042437,0.43,8.14,-18.46,0.45,7.82
LS-N-G-HP-2-B-M,LS,North,Grazed,7,2,Upper Horizon,0.75,3.342957462,-19.30682061,0.33,4.79,-19.38,0.36,4.92
LS-N-G-HP-3-A-M,LS,North,Grazed,7,3,Upper Horizon,1,3.47,-19.45,0.4,5.57,-19.45,0.36,4.77
LS-N-G-HP-3-B-P,LS,North,Grazed,7,3,Lower Horizon,NA,2.33,-17.49,0.46,8.3,-17.65,0.51,9.18
LS-N-G-LP-1-A-M,LS,North,Grazed,6,1,Upper Horizon,0.5,4.131488981,-18.94763481,0.42,5.57,-19.24402333,0.37,5.3
LS-N-G-LP-1-B-P,LS,North,Grazed,6,1,Lower Horizon,NA,2.266581531,-17.14257401,0.43,7.99,-17.38519725,0.36,7.02
LS-N-G-LP-2-M,LS,North,Grazed,6,2,Upper Horizon,0.6,3.62,-17.44,0.45,7.84,NA,NA,NA
LS-N-G-LP-2-P,LS,North,Grazed,6,2,Lower Horizon,NA,2.34,-17.4,0.42,7.27,-17.42,0.44,7.39
LS-N-G-LP-3-M ,LS,North,Grazed,6,3,Upper Horizon,0.5,3.98,-19.04,0.44,6,-19.05,0.45,5.79
LS-N-G-LP-3-P,LS,North,Grazed,6,3,Lower Horizon,NA,2.53,-17.07573999,0.46,7.75,-17.24,0.44,8.23
LS-N-G-MC-1-O,LS,North,Grazed,1,1,No Horizon,0,4.7,-19.48,0.42,4.66,-19.82132373,0.45,4.74
LS-N-G-MC-2-O,LS,North,Grazed,1,2,No Horizon,0,4.669074403,-19.83,0.41,4.48,-20.28211493,0.45,4.53
LS-N-G-MC-3-O,LS,North,Grazed,1,3,No Horizon,0,5.23,-19.94,0.42,4.4,-20.25474546,0.42,4.27
LS-N-G-MF-1-O,LS,North,Grazed,2,1,No Horizon,0,4.45,-19.1,0.42,4.93,-19.11,0.43,4.82
LS-N-G-MF-2-O,LS,North,Grazed,2,2,No Horizon,0,4.65,-19.43,0.43,4.85,-19.28396457,0.43,4.83
LS-N-G-MF-3-O,LS,North,Grazed,2,3,No Horizon,0,4.67,-19.47,0.42,4.78,-19.86885753,0.43,4.64
LS-N-G-MUD-1-O,LS,North,Grazed,4,1,No Horizon,0,3.801672613,-17.47,0.39,6.2,-17.53766691,0.38,6
LS-N-G-MUD-2-O,LS,North,Grazed,4,2,No Horizon,0,3.12,-16.92,0.39,7.05,-17.12,0.4,7.27
LS-N-G-MUD-3-O,LS,North,Grazed,4,3,No Horizon,0,2.673443712,-17.1,0.39,6.82,-17.26565801,0.37,6.47
LS-N-H-CH-1-A-P,LS,North,Un-grazed,5,1,Lower Horizon,NA,3.157612561,-17.73367482,0.39,6.96,-17.83,0.38,6.91
LS-N-H-CH-1-B-M,LS,North,Un-grazed,5,1,Upper Horizon,1,4.017940839,-19.36057261,0.41,5.08,-20.34,0.38,5.31
LS-N-H-CH-2-A-P,LS,North,Un-grazed,5,2,Lower Horizon,NA,3.395661368,-17.74933419,0.41,6.91,-18.22,0.41,6.41
LS-N-H-CH-2-B-M,LS,North,Un-grazed,5,2,Upper Horizon,0.6,4.181152278,-19.08867104,0.44,5.49,-19.45,0.42,5.11
LS-N-H-CH-3-A-M,LS,North,Un-grazed,5,3,Upper Horizon,1,4.23,-19.14,0.41,5.39,-19.25,0.42,5.24
LS-N-H-CH-3-B-P,LS,North,Un-grazed,5,3,Lower Horizon,NA,2.86,-17.2,0.43,7.82,-17.07,0.45,8.54
LS-N-H-HF-1-A-P,LS,North,Un-grazed,3,1,Lower Horizon,NA,2.804969168,-17.07033869,0.45,8.03,-17.27,0.44,8
LS-N-H-HF-1-B-M,LS,North,Un-grazed,3,1,Upper Horizon,1,4.32701048,-18.70940778,0.44,5.25,-19.47,0.43,5.22
LS-N-H-HF-2-O,LS,North,Un-grazed,3,2,No Horizon,0,4.213132437,-17.7,0.43,7.03,-18.00759273,0.41,6.55
LS-N-H-HF-3-O,LS,North,Un-grazed,3,3,No Horizon,0,3.61,-17.53,0.39,6.18,-17.69,0.39,6.08
LS-N-H-HP-1-A-P,LS,North,Un-grazed,7,1,Lower Horizon,NA,3.076397321,-18.76601262,0.4,5.9,-18.65505833,0.36,5.91
LS-N-H-HP-1-B-M,LS,North,Un-grazed,7,1,Upper Horizon,0.6,3.647018459,-19.28145438,0.44,5.84,-19.63296248,0.39,5.72
LS-N-H-HP-2-A-P,LS,North,Un-grazed,7,2,Lower Horizon,NA,2.512870939,-17.61235655,0.43,8.16,-17.66907232,0.42,7.84
LS-N-H-HP-2-B-M,LS,North,Un-grazed,7,2,Upper Horizon,0.8,4.082839222,-19.61223,0.42,5.55,-19.76631305,0.39,5.17
LS-N-H-HP-3-A-M,LS,North,Un-grazed,7,3,Upper Horizon,1.5,3.992634459,-20.1307157,0.43,5.98,-19.96835936,0.36,5.39
LS-N-H-HP-3-B-P,LS,North,Un-grazed,7,3,Lower Horizon,NA,2.646657778,-17.99792322,0.39,6.51,-18.17620856,0.33,6.21
LS-N-H-LP-1-M,LS,North,Un-grazed,6,1,Upper Horizon,0.4,3.33,-18.17,0.37,5.92,-19.32,0.45,5.57
LS-N-H-LP-1-P,LS,North,Un-grazed,6,1,Lower Horizon,NA,3.85,-19.35,0.41,5.55,-17.92,0.41,6.66
LS-N-H-LP-3-A-P,LS,North,Un-grazed,6,3,Lower Horizon,NA,2.801728887,-17.62047375,0.41,7,-17.72362482,0.35,6.76
LS-N-H-LP-3-B-M,LS,North,Un-grazed,6,3,Upper Horizon,1,4.219666671,-19.39408043,0.4,4.97,-19.24806425,0.35,4.68
LS-N-H-MC-1-O,LS,North,Un-grazed,1,1,No Horizon,0,4.907942136,-19.51277644,0.42,4.4,-20.13,0.4,4.15
LS-N-H-MC-2-O,LS,North,Un-grazed,1,2,No Horizon,0,4.718611335,-19.64,0.41,4.39,-20.34362306,0.4,4.19
LS-N-H-MC-3-O,LS,North,Un-grazed,1,3,No Horizon,0,4.704457926,-19.92,0.41,4.41,-20.57424728,0.4,4.26
LS-N-H-MF-1-O,LS,North,Un-grazed,2,1,No Horizon,0,4.788367423,-19.47,0.43,4.94,-19.47802026,0.41,4.81
LS-N-H-MF-2-O,LS,North,Un-grazed,2,2,No Horizon,0,4.26,-18.81,0.42,5.58,-18.92,0.43,5.42
LS-N-H-MF-3-M,LS,North,Un-grazed,2,3,Upper Horizon,NA,4.984670141,-19.83525351,0.43,4.69,-20.04,0.36,3.65
LS-N-H-MUD-1-M,LS,North,Un-grazed,4,1,Upper Horizon,1.1,4.48,-19.19,0.44,5.35,-19.42,0.43,5.18
LS-N-H-MUD-1-P,LS,North,Un-grazed,4,1,Lower Horizon,NA,3.505673292,-17.71726839,0.41,6.95,-17.95,0.41,6.93
LS-N-H-MUD-2-M,LS,North,Un-grazed,4,2,Upper Horizon,2.4,NA,NA,NA,NA,NA,NA,NA
LS-N-H-MUD-3-A-M,LS,North,Un-grazed,4,3,Upper Horizon,2.2,4.045338365,-19.37378745,0.4,5.1,-19.47233566,0.36,4.84
LS-N-H-MUD-3-B-P,LS,North,Un-grazed,4,3,Lower Horizon,NA,3.211197696,-17.52306743,0.38,6.69,-17.6013868,0.36,6.9
LS-S-G-CH-1-O,LS,Airport,Grazed,5,1,No Horizon,0,2.2,-16.44,0.43,7.64,-16.59572549,0.42,7.8
LS-S-G-CH-2-O,LS,Airport,Grazed,5,2,No Horizon,0,2.07,-16.55,0.46,8.38,-16.64347588,0.42,8.04
LS-S-G-CH-3-O,LS,Airport,Grazed,5,3,No Horizon,0,2.567609241,-16.38853316,0.47,8.43,-16.32344387,0.47,8.42
LS-S-G-HF-1-O,LS,Airport,Grazed,3,1,No Horizon,0,3.812793149,-17.97,0.4,5.37,-18.17,0.41,5.3
LS-S-G-HF-2-O,LS,Airport,Grazed,3,2,No Horizon,0,3.994633948,-17.33100747,0.43,6.09,-17.74,0.4,6.04
LS-S-G-HF-3-O,LS,Airport,Grazed,3,3,No Horizon,0,3.661149479,-17.31,0.42,6.28,-17.69,0.42,5.66
LS-S-G-HP-1-M,LS,Airport,Grazed,7,1,Upper Horizon,3.5,4.43,-19.71,0.37,4.23,-19.90472587,0.33,4.14
LS-S-G-HP-1-P,LS,Airport,Grazed,7,1,Lower Horizon,NA,2.35,-17.08,0.42,7.15,-17.29,0.38,7.19
LS-S-G-HP-2-A-P,LS,Airport,Grazed,7,2,Lower Horizon,NA,2.77030925,-16.78643216,0.46,9.21,-16.83,0.46,8.5
LS-S-G-HP-2-B-M,LS,Airport,Grazed,7,2,Upper Horizon,3.4,4.119326541,-20.00286991,0.36,4.25,-20.25,0.38,4.1
LS-S-G-HP-3-A-P,LS,Airport,Grazed,7,3,Lower Horizon,NA,3.234509039,-18.04967033,0.41,6.47,-17.73170668,0.35,6.46
LS-S-G-HP-3-B-M,LS,Airport,Grazed,7,3,Upper Horizon,2.3,4.098042272,-18.99836727,0.39,4.72,-19.55214396,0.34,4.45
LS-S-G-LP-1-M,LS,Airport,Grazed,6,1,Upper Horizon,1.4,4.47,-19.51,0.38,4.38,-19.61679878,0.37,4.26
LS-S-G-LP-1-P,LS,Airport,Grazed,6,1,Lower Horizon,NA,2.59,-16.96,0.47,8.1,-17.41,0.4,7.15
LS-S-G-LP-2-A-M,LS,Airport,Grazed,6,2,Upper Horizon,1,4.126368549,-19.4640287,0.38,4.46,-19.5,0.39,4.51
LS-S-G-LP-2-B-P,LS,Airport,Grazed,6,2,Lower Horizon,NA,3.221453175,-18.2134271,0.4,5.95,-18.3,0.42,6.31
LS-S-G-LP-3-A-M,LS,Airport,Grazed,6,3,Upper Horizon,1.2,4.507511081,-19.70659237,0.37,4.33,-19.99260492,0.32,4.06
LS-S-G-LP-3-B-P,LS,Airport,Grazed,6,3,Lower Horizon,NA,2.217931772,-16.25475601,0.43,8.82,-16.71339326,0.38,8.44
LS-S-G-MC-1-O,LS,Airport,Grazed,1,1,No Horizon,0,5,-19.64,0.42,4.52,-20.08604576,0.42,4.27
LS-S-G-MC-2-O,LS,Airport,Grazed,1,2,No Horizon,0,5.11,-20.17,0.41,4.23,-20.56891076,0.42,4.04
LS-S-G-MC-3-O,LS,Airport,Grazed,1,3,No Horizon,0,4.86,-19.77,0.41,4.37,-20.42344516,0.43,4.2
LS-S-G-MF-1-O,LS,Airport,Grazed,2,1,No Horizon,0,5.14,-18.31,0.42,4.43,-20.24565386,0.41,4.27
LS-S-G-MF-2-O,LS,Airport,Grazed,2,2,No Horizon,0,5.01,-20.07,0.42,4.25,-20.43657747,0.4,4.1
LS-S-G-MF-3-O,LS,Airport,Grazed,2,3,No Horizon,0,4.9,-20.04,0.42,4.35,-20.26686759,0.4,4.31
LS-S-G-MUD-1-O,LS,Airport,Grazed,4,1,No Horizon,0,3.2,-16.55,0.51,9.06,-16.84550098,0.52,8.9
LS-S-G-MUD-2-O,LS,Airport,Grazed,4,2,No Horizon,0,3.399801558,-16.60884337,0.41,6.38,-17.12,0.36,5.46
LS-S-G-MUD-3-O,LS,Airport,Grazed,4,3,No Horizon,0,3.94,-17.12,0.43,6.55,-17.25449346,0.41,6.41
LS-S-H-CH-1-M,LS,Airport,Un-grazed,5,1,Upper Horizon,1.8,4.362477488,-19.19118861,0.4,4.67,-19.83,0.37,4.56
LS-S-H-CH-1-P,LS,Airport,Un-grazed,5,1,Lower Horizon,NA,3.571056539,-17.8046741,0.43,6.79,-17.87,0.35,6.06
LS-S-H-CH-2-M,LS,Airport,Un-grazed,5,2,Upper Horizon,2.6,4.446584964,-19.73991162,0.38,4.34,-20.05,0.36,4.43
LS-S-H-CH-2-P,LS,Airport,Un-grazed,5,2,Lower Horizon,NA,3.536602875,-16.93138295,0.47,8.36,-17.26,0.46,8.71
LS-S-H-CH-3-M,LS,Airport,Un-grazed,5,3,Upper Horizon,2.7,4.428344788,-19.55632777,0.4,4.57,-19.76,0.38,4.55
LS-S-H-CH-3-P,LS,Airport,Un-grazed,5,3,Lower Horizon,NA,3.928562707,-17.49699677,0.45,7.25,-17.76,0.43,7.28
LS-S-H-HF-1-M,LS,Airport,Un-grazed,3,1,Upper Horizon,2.4,5.103786256,-19.79,0.4,4.25,-20.27501022,0.41,4.35
LS-S-H-HF-1-P,LS,Airport,Un-grazed,3,1,Lower Horizon,NA,4.343339136,-16.97220218,0.49,8.61,-16.88,0.48,8.97
LS-S-H-HF-2-A-P,LS,Airport,Un-grazed,3,2,Lower Horizon,NA,4.282505943,-18.22723393,0.38,5.96,-18.07,0.44,6.18
LS-S-H-HF-2-B-M,LS,Airport,Un-grazed,3,2,Upper Horizon,3.5,4.543998401,-19.64774272,0.37,4.41,-20.14,0.39,4.29
LS-S-H-HF-3-O,LS,Airport,Un-grazed,3,3,No Horizon,0,4.949278161,-19.81541428,0.4,4.43,-19.86,0.38,4.31
LS-S-H-HP-1-A-P,LS,Airport,Un-grazed,7,1,Lower Horizon,NA,3.5375565,-17.97864489,0.39,6.35,-18.28026242,0.35,5.98
LS-S-H-HP-1-B-M,LS,Airport,Un-grazed,7,1,Upper Horizon,2.7,4.520687058,-19.3687142,0.37,4.65,-19.51072446,0.35,4.58
LS-S-H-HP-2-M,LS,Airport,Un-grazed,7,2,Upper Horizon,2.1,4.536022562,-19.1982651,0.4,4.87,-19.39,0.37,4.7
LS-S-H-HP-2-P,LS,Airport,Un-grazed,7,2,Lower Horizon,NA,3.644608184,-17.91622339,0.41,6.32,-18.22,0.37,5.98
LS-S-H-HP-3-M,LS,Airport,Un-grazed,7,3,Upper Horizon,2.8,4.36,-19.72,0.38,4.38,-19.71,0.36,4.4
LS-S-H-HP-3-P,LS,Airport,Un-grazed,7,3,Lower Horizon,NA,3.555951664,-18.75110404,0.35,5.1,-18.89504611,0.36,5.09
LS-S-H-LP-1-M,LS,Airport,Un-grazed,6,1,Upper Horizon,2.4,4.625603218,-19.5,0.39,4.76,-19.54424004,0.39,4.65
LS-S-H-LP-1-P,LS,Airport,Un-grazed,6,1,Lower Horizon,NA,3.714582691,-18.92,0.37,4.77,-18.31,0.36,5.8
LS-S-H-LP-2-A-M,LS,Airport,Un-grazed,6,2,Upper Horizon,2.9,4.258181064,-19.53105807,0.38,4.64,-19.43293663,0.32,4.49
LS-S-H-LP-2-B-P,LS,Airport,Un-grazed,6,2,Lower Horizon,NA,3.492960887,-18.23433647,0.4,6.08,-19.48849937,0.3,4.41
LS-S-H-LP-3-M,LS,Airport,Un-grazed,6,3,Upper Horizon,2.5,4.35,-19.76,0.39,4.49,-19.76833351,0.36,4.33
LS-S-H-LP-3-P,LS,Airport,Un-grazed,6,3,Lower Horizon,NA,3.29,-18.04,0.4,6.41,-18.37379435,0.36,5.6
LS-S-H-MC-1-O,LS,Airport,Un-grazed,1,1,No Horizon,0,5.11,-19.42,0.44,5.02,-19.79410437,0.42,4.66
LS-S-H-MC-2-O,LS,Airport,Un-grazed,1,2,No Horizon,0,4.63,-19.31,0.42,4.82,-18.91064691,0.43,5.15
LS-S-H-MC-3-O,LS,Airport,Un-grazed,1,3,No Horizon,0,4.55,-18.47,0.39,5.24,-18.50695236,0.42,5.53
LS-S-H-MF-1-O,LS,Airport,Un-grazed,2,1,No Horizon,0,4.95,-20.04,0.42,4.39,-20.2799999,0.41,4.22
LS-S-H-MF-2-O,LS,Airport,Un-grazed,2,2,No Horizon,0,5.03,-19.89,0.42,4.48,-19.47488818,0.41,4.48
LS-S-H-MF-3-A-P,LS,Airport,Un-grazed,2,3,Lower Horizon,NA,4.211503107,-18.15476639,0.39,5.67,-18.26,0.39,5.77
LS-S-H-MF-3-B-M,LS,Airport,Un-grazed,2,3,Upper Horizon,3.4,4.792595757,-18.96276734,0.43,5.08,-19.68,0.42,4.87
LS-S-H-MUD-1-M,LS,Airport,Un-grazed,4,1,Upper Horizon,1.2,4.442619857,-19.64,0.4,4.6,-19.67212482,0.38,4.61
LS-S-H-MUD-1-P,LS,Airport,Un-grazed,4,1,Lower Horizon,NA,3.887604026,-17.27882674,0.47,8.6,-17.30524139,0.44,7.95
LS-S-H-MUD-2-M,LS,Airport,Un-grazed,4,2,Upper Horizon,2.3,4.754059071,-19.68245662,0.4,4.54,-19.74,0.39,4.59
LS-S-H-MUD-2-P,LS,Airport,Un-grazed,4,2,Lower Horizon,NA,NA,NA,NA,NA,-17.37,0.44,8.3
LS-S-H-MUD-3-M,LS,Airport,Un-grazed,4,3,Upper Horizon,2.4,4.36,-19.74,0.39,4.44,-20.02594256,0.38,4.4
LS-S-H-MUD-3-P,LS,Airport,Un-grazed,4,3,Lower Horizon,NA,3.95,-17.48,0.44,7.12,-17.45,0.42,7.45
Fore-gut-MF,MF,Gut,Gut,Fore-gut,Gut,Gut,NA,6,-15.91,5.41,37.65,-15.17,5.36,37.35
Fore-gut-MF,MF,Gut,Gut,Fore-gut,Gut,Gut,NA,6.09,-15.83,5.09,37.64,-15.21,5.98,37.41
Hind-gut-MF,MF,Gut,Gut,Hind-gut,Gut,Gut,NA,5.75,-15.15,1.04,20.77,-14.84,1.36,22.15
Hind-gut-MF,MF,Gut,Gut,Hind-gut,Gut,Gut,NA,5.76,-15.41,1.09,19.4,-15.01,1.27,21.51
Fore-gut-MG,MG,Gut,Gut,Fore-gut,Gut,Gut,NA,6.27,-15.8,5.05,38.37,-15.18,5.54,37
Fore-gut-MG,MG,Gut,Gut,Fore-gut,Gut,Gut,NA,6.39,-15.77,5.39,38.3,-15.29,5.62,36.34
Hind-gut-MG,MG,Gut,Gut,Hind-gut,Gut,Gut,NA,5.49,-15.45,1.1,18.8,-15.18,1.46,18.81
Hind-gut-MG,MG,Gut,Gut,Hind-gut,Gut,Gut,NA,5.23,-15.56,1.02,18.49,-15.09,1.27,19.83
Fore-gut-MM,MM,Gut,Gut,Fore-gut,Gut,Gut,NA,6.17,-15.6,4.01,37.02,-15.28,4.04,35.58
Fore-gut-MM,MM,Gut,Gut,Fore-gut,Gut,Gut,NA,6.15,-15.7,4.73,38.13,-15.54,4.68,35.25
Hind-gut-MM,MM,Gut,Gut,Hind-gut,Gut,Gut,NA,5.12,-15.82,0.99,22.83,-14.99,1.45,22.35
Hind-gut-MM,MM,Gut,Gut,Hind-gut,Gut,Gut,NA,5.55,-15.14,0.99,22.93,-15,2.34,21.44
0 m Gills A,Mussel,Gills,Gills,Gills,Gills,Gills,NA,8.64,,9.54,38.14,-18.66277374,,34.68
0 m Gills B,Mussel,Gills,Gills,Gills,Gills,Gills,NA,8.55,,10.27,39.9,-18.55937381,,36.49
0 m Gills C,Mussel,Gills,Gills,Gills,Gills,Gills,NA,8.73,,9.45,38.23,-18.51180984,,34.89
0 m v mass A,Mussel,Visceral mass,Visceral mass,Visceral mass,Visceral mass,Visceral mass,NA,6.45,,8.87,43.07,-20.10520283,,40.06
0 m v mass B,Mussel,Visceral mass,Visceral mass,Visceral mass,Visceral mass,Visceral mass,NA,6.52,,8.75,42.43,-20.08142085,,40.64
0 m v mass C,Mussel,Visceral mass,Visceral mass,Visceral mass,Visceral mass,Visceral mass,NA,6.45,,9.18,44.97,-19.96768092,,35.93
10 m Gills A,Mussel,Gills,Gills,Gills,Gills,Gills,NA,8.46,,9.33,35.78,-18.12716208,,34.04
10 m Gills B,Mussel,Gills,Gills,Gills,Gills,Gills,NA,8.4,,9.26,35.49,-18.46941586,,30.27
10 m Gills C,Mussel,Gills,Gills,Gills,Gills,Gills,NA,8.43,,9.14,35.09,-18.47768786,,34.18
10 m v mass A,Mussel,Visceral mass,Visceral mass,Visceral mass,Visceral mass,Visceral mass,NA,6.66,,8.85,42.75,-19.85290699,,39.42
10 m v mass B,Mussel,Visceral mass,Visceral mass,Visceral mass,Visceral mass,Visceral mass,NA,6.65,,8.63,41.72,-19.91391295,,38.64
10 m v mass C,Mussel,Visceral mass,Visceral mass,Visceral mass,Visceral mass,Visceral mass,NA,6.63,,9.28,44.43,-19.41035527,,39.5
20 m Gills A,Mussel,Gills,Gills,Gills,Gills,Gills,NA,8.71,,9.98,37.71,-18.22332402,,35.04
20 m Gills B,Mussel,Gills,Gills,Gills,Gills,Gills,NA,8.69,,9.41,35.71,-18.27709199,,36.02
20 m Gills C,Mussel,Gills,Gills,Gills,Gills,Gills,NA,8.65,,9.82,37.2,-18.37325392,,35.11
20 m v mass A,Mussel,Visceral mass,Visceral mass,Visceral mass,Visceral mass,Visceral mass,NA,6.69,,8.53,40.03,-19.79810503,,39.39
20 m v mass B,Mussel,Visceral mass,Visceral mass,Visceral mass,Visceral mass,Visceral mass,NA,6.61,,8.84,41.65,-19.72882707,,37.68
20m v mass C,Mussel,Visceral mass,Visceral mass,Visceral mass,Visceral mass,Visceral mass,NA,6.61,,8.77,41.08,-19.6791951,,38.36
Ridge Gills A,Mussel,Gills,Gills,Gills,Gills,Gills,NA,8.46,,9.65,37.53,-18.40220591,,35.18
Ridge Gills B,Mussel,Gills,Gills,Gills,Gills,Gills,NA,8.4,,9.75,37.97,-18.49009585,,35.31
Ridge Gills C,Mussel,Gills,Gills,Gills,Gills,Gills,NA,8.39,,9.68,37.49,-18.49940184,,35.01
Ridge v mass A,Mussel,Visceral mass,Visceral mass,Visceral mass,Visceral mass,Visceral mass,NA,6.94,,8.88,40.41,-19.37209729,,37.9
Ridge v mass B,Mussel,Visceral mass,Visceral mass,Visceral mass,Visceral mass,Visceral mass,NA,6.94,,9.29,42.14,-18.8809476,,36.87
Ridge v mass C,Mussel,Visceral mass,Visceral mass,Visceral mass,Visceral mass,Visceral mass,NA,7.04,,8.9,40.25,-19.43620525,,37.54
Prince 10,Sesarma,Whole crab,non-acid rinsed,Whole crab,Whole crab,Whole crab,NA,-4.69,,6.69,36.44,-26.11,,
Prince 11,Sesarma,Whole crab,acid rinsed,Whole crab,Whole crab,Whole crab,NA,-4.63,,9.07,49.14,-26.35,,
Prince 26,Sesarma,Soft tissue,Soft tissue,Soft tissue,Soft tissue,Soft tissue,NA,6.73,,11.73,39.76,-13.64,,
Prince 35,Sesarma,Soft tissue,Soft tissue,Soft tissue,Soft tissue,Soft tissue,NA,7.44,,11.65,38.58,-13.49,,
Prince 38,Sesarma,Soft tissue,Soft tissue,Soft tissue,Soft tissue,Soft tissue,NA,5.65,,12.36,40.64,-14.41,,
Prince 41,Sesarma,Soft tissue,Soft tissue,Soft tissue,Soft tissue,Soft tissue,NA,6.88,,10.84,38.95,-14.5,,
Prince 60,Sesarma,Soft tissue,Soft tissue,Soft tissue,Soft tissue,Soft tissue,NA,6.850995149,,10.72,40.46,-14.58119432,,
Prince 65,Sesarma,Soft tissue,Soft tissue,Soft tissue,Soft tissue,Soft tissue,NA,5.400014746,,10.57,38.16,-14.82102262,,
Prince 69,Sesarma,Soft tissue,Soft tissue,Soft tissue,Soft tissue,Soft tissue,NA,6.883239158,,11.7,39.63,-14.44502062,,
Prince 72,Sesarma,Soft tissue,Soft tissue,Soft tissue,Soft tissue,Soft tissue,NA,6.070085557,,9.66,34.4,-14.4582315,,
Prince 75,Sesarma,Soft tissue,Soft tissue,Soft tissue,Soft tissue,Soft tissue,NA,7.231877505,,10.88,37.38,-14.59237276,,
Prince 85,Sesarma,Soft tissue,Soft tissue,Soft tissue,Soft tissue,Soft tissue,NA,7.713805613,,10.22,35.29,-14.21996531,,
Fore-gut-SF,SF,Gut,Gut,Fore-gut,Gut,Gut,NA,5.99,-16.1,5.06,34.13,-15.99,6.67,34.82
Fore-gut-SF,SF,Gut,Gut,Fore-gut,Gut,Gut,NA,5.91,-16.65,6.11,36.59,NA,NA,NA
Hind-gut-SF,SF,Gut,Gut,Hind-gut,Gut,Gut,NA,5.16,-15.1,0.92,20.1,-15.05,1.05,18.93
Fore-gut-SG,SG,Gut,Gut,Fore-gut,Gut,Gut,NA,6.07,-16.13,5.94,37.62,NA,NA,NA
Fore-gut-SG,SG,Gut,Gut,Fore-gut,Gut,Gut,NA,6.19,-16.09,5.76,37.38,-15.47,6.9,35.89
Hind-gut-SG,SG,Gut,Gut,Hind-gut,Gut,Gut,NA,5.22,-15.57,1.12,17.88,-15.36,1.42,17.66
Fore-gut-SM,SM,Gut,Gut,Fore-gut,Gut,Gut,NA,5.85,-16.2,6.35,37.41,-15.63,6.65,34.4
Fore-gut-SM,SM,Gut,Gut,Fore-gut,Gut,Gut,NA,5.83,-16.14,5.56,37.82,NA,NA,NA
Hind-gut-SM,SM,Gut,Gut,Hind-gut,Gut,Gut,NA,5.35,-15.57,0.96,17.37,-15.46,1.07,16.46
0m off DI rinsed Spartina A,Spartina,Spartina,Spartina,Spartina,Spartina,Spartina,NA,,,,,-14.09456462,,39.28
0m off DI rinsed Spartina B,Spartina,Spartina,Spartina,Spartina,Spartina,Spartina,NA,,,,,-14.03872866,,39.22
0m on DI rinsed Spartina A,Spartina,Spartina,Spartina,Spartina,Spartina,Spartina,NA,,,,,-13.8122828,,37.83
0m on DI rinsed Spartina B,Spartina,Spartina,Spartina,Spartina,Spartina,Spartina,NA,,,,,-13.75644684,,38.14
10 m off Spartina A,Spartina,Spartina,Spartina,Spartina,Spartina,Spartina,NA,3.92,,1.65,42.18,-14.07388464,,34.86
10 m off Spartina B,Spartina,Spartina,Spartina,Spartina,Spartina,Spartina,NA,3.81,,1.57,43.1,-13.9766887,,36.27
10 m off Spartina C,Spartina,Spartina,Spartina,Spartina,Spartina,Spartina,NA,3.71,,1.61,41.35,-14.48748438,,41.19
10m on DI rinsed Spartina A,Spartina,Spartina,Spartina,Spartina,Spartina,Spartina,NA,,,,,-13.05849728,,41.11
10m on DI rinsed Spartina B,Spartina,Spartina,Spartina,Spartina,Spartina,Spartina,NA,,,,,-13.04919128,,40.93
20m off DI rinsed Spartina A,Spartina,Spartina,Spartina,Spartina,Spartina,Spartina,NA,,,,,-14.07698664,,39.02
20m off DI rinsed Spartina B,Spartina,Spartina,Spartina,Spartina,Spartina,Spartina,NA,,,,,-14.14419659,,39.4
20m on DI rinsed Spartina A,Spartina,Spartina,Spartina,Spartina,Spartina,Spartina,NA,,,,,-13.55481697,,39.76
20m on DI rinsed Spartina B,Spartina,Spartina,Spartina,Spartina,Spartina,Spartina,NA,,,,,-13.62512892,,39.57
Ridge DI rinsed Spartina A,Spartina,Spartina,Spartina,Spartina,Spartina,Spartina,NA,,,,,-13.26322915,,39.77
